#Organism group	Strain	Isolate identifiers	Serovar	Isolate	Create date	Location	Isolation source	Isolation type	SNP cluster	Min-same	Min-diff	BioSample	Assembly	AMR genotypes	Computed types
Salmonella enterica	BCW_2822	"66(3),""BCW_2822"",""SRS528782"""	Wilhelmsburg	PDT000197317.1	2017-03-22T14:56:21Z	Nigeria	Poultry small intenstine	environmental/other				SAMN02368689	GCA_002062955.1	mdsA=COMPLETE,mdsB=COMPLETE	antigen_formula=4:z38:-,serotype=Wilhelmsburg
Salmonella enterica	BCW_2817	"BCW_2817,""KR 16"",""SRS865334"""	Virchow	PDT000197326.1	2017-03-22T15:02:25Z	Nigeria	chicken	environmental/other	PDS000031736.79	22.0	16.0	SAMN02368684	GCA_002063155.1	dfrA5=COMPLETE,gyrA_S83Y=POINT,mdsA=COMPLETE,mdsB=COMPLETE,sul1=COMPLETE,tet(A)=COMPLETE	antigen_formula=7:r:1,2,serotype=Virchow
Salmonella enterica	BCW_2794	"BCW_2794,""KR 225"",""SRS528772"""	Bredeney	PDT000197354.1	2017-03-22T15:10:09Z	Nigeria	chicken	environmental/other				SAMN02368666	GCA_002063755.1	blaTEM-1=COMPLETE,gyrA_D87N=POINT,mdsA=COMPLETE,mdsB=COMPLETE,tet(A)=COMPLETE	antigen_formula=4:l,v:1,7,serotype=Bredeney
Salmonella enterica	BCW_2750	"BCW_2750,""KR167"",""SRS528743"""	Onireke	PDT000197377.1	2017-03-22T15:18:10Z	Nigeria	chicken	environmental/other	PDS000001391.75	8.0	14.0	SAMN02368627	GCA_002064225.1	aadA1=COMPLETE,dfrA1=COMPLETE,gyrA_D87G=POINT,mdsA=COMPLETE,mdsB=COMPLETE,sat2=COMPLETE	antigen_formula=4:b:1,2,serotype=Paratyphi B var. L(+) tartrate+
Salmonella enterica	BCW_2729	"BCW_2729,""KR 84"",""SRS528729"""	Mbandaka	PDT000197390.1	2017-03-22T15:21:50Z	Nigeria	chicken	environmental/other				SAMN02368606	GCA_002064495.1	aadA1=COMPLETE,dfrA15=COMPLETE,gyrA_D87Y=POINT,mdsA=COMPLETE,mdsB=COMPLETE,sul1=COMPLETE,tet(A)=COMPLETE	antigen_formula=7:z10:e,n,z15,serotype=Mbandaka
Salmonella enterica	BCW_2696	"BCW_2696,""SRS528699"",""ST 70"""	Havana	PDT000197414.1	2017-03-22T15:28:06Z	Nigeria	chicken	environmental/other				SAMN02368573	GCA_002064965.1	mdsA=COMPLETE,mdsB=COMPLETE	antigen_formula=13:f,g,s:-,serotype=I 13:f,g,s:-
Salmonella enterica	BCW_2740	"BCW_2740,""SRS865352"",""St129"""	Muenster	PDT000197435.1	2017-03-22T15:34:09Z	Nigeria	chicken	environmental/other	PDS000036147.9	5.0	11.0	SAMN02368617	GCA_002065425.1	aph(3'')-Ib=COMPLETE,aph(6)-Id=PARTIAL,mdsA=COMPLETE,mdsB=COMPLETE,sul2=PARTIAL_END_OF_CONTIG,tet(A)=COMPLETE	antigen_formula=3,10:e,h:1,5,serotype=Muenster
Salmonella enterica	KS 6	"BCW_2720,""KS 6"",""SRS865356"""	Kentucky	PDT000197438.1	2017-03-22T15:34:49Z	Nigeria	chicken	environmental/other	PDS000046206.2	24.0		SAMN02368597	GCA_002065495.1	aac(3)-Id=COMPLETE,aadA7=COMPLETE,blaTEM-1=COMPLETE,gyrA_D87G=POINT,gyrA_S83F=POINT,mdsA=COMPLETE,mdsB=COMPLETE,parC_S80I=POINT,sul1=COMPLETE,tet(A)=COMPLETE	antigen_formula=8:i:z6,serotype=Kentucky
Salmonella enterica	BCW_2692	"BCW_2692,""KR 31"",""SRS528696"""	Haifa	PDT000197447.1	2017-03-22T15:37:16Z	Nigeria	chicken	environmental/other	PDS000077468.3	29.0	2.0	SAMN02368570	GCA_002065675.1	aph(3')-Ia=COMPLETE,gyrA_S83Y=POINT,mdsA=COMPLETE,mdsB=COMPLETE,tet(A)=COMPLETE	antigen_formula=4:z10:1,2,serotype=Haifa
Salmonella enterica	BCW_2674	"BCW_2674,""KR 266"",""SRS528680"""	Derby	PDT000197491.1	2017-03-22T15:49:50Z	Nigeria	chicken	environmental/other	PDS000012018.4	28.0	0.0	SAMN02368554	GCA_002066555.1	blaTEM-57=COMPLETE,fosA7=COMPLETE,mdsA=COMPLETE,mdsB=COMPLETE,qnrS1=COMPLETE,tet(A)=COMPLETE	antigen_formula=4:f,g:-,serotype=Derby
Salmonella enterica	CFSAN083270	"CFSAN083270,""PR0353_46"",""SRS4096184"""		PDT000412821.1	2018-11-30T18:29:01Z	Nigeria	poultry feed	environmental/other	PDS000039006.4	0.0		SAMN10503928	GCA_005901985.1	mdsA=COMPLETE,mdsB=COMPLETE	antigen_formula=4:i:1,6,serotype=Agama
Salmonella enterica	CFSAN083273	"CFSAN083273,""PR0353_51"",""SRS4096218"""		PDT000412855.1	2018-11-30T18:29:11Z	Nigeria	Chicken Spleen	environmental/other	PDS000039006.4	0.0		SAMN10505048	GCA_004223025.1	mdsA=COMPLETE,mdsB=COMPLETE	antigen_formula=4:i:1,6,serotype=Agama
Salmonella enterica	CFSAN083271	"CFSAN083271,""PR0353_47"",""SRS4096219"""	Orion	PDT000412856.1	2018-11-30T18:29:11Z	Nigeria	poultry feed	environmental/other	PDS000039015.6	1.0		SAMN10504969	GCA_006522785.1	mdsA=COMPLETE,mdsB=COMPLETE	antigen_formula=4:i:1,2,serotype=Typhimurium
Salmonella enterica	CFSAN083268	"CFSAN083268,""PR0353_43"",""SRS4096263"""	Typhimurium	PDT000412866.1	2018-11-30T18:29:13Z	Nigeria	Chicken Spleen	environmental/other	PDS000039006.4	1.0		SAMN10505102	GCA_006075655.1	mdsA=COMPLETE,mdsB=COMPLETE	antigen_formula=4:i:1,6,serotype=Agama
Salmonella enterica	CFSAN083326	"CFSAN083326,""PR0353_108"",""SRS4849616"""	Agama	PDT000510257.1	2019-05-30T23:50:12Z	Nigeria	Chicken Spleen	environmental/other	PDS000039006.4	0.0		SAMN11896214	GCA_006336405.1	mdsA=COMPLETE,mdsB=COMPLETE	antigen_formula=-:-:-,serotype=I -:-:-
Salmonella enterica	CFSAN083264	"CFSAN083264,""PR0353_39"",""SRS4849629"""	Larochelle	PDT000510268.1	2019-05-30T23:50:14Z	Nigeria	chicken liver	environmental/other	PDS000049643.1	2.0		SAMN11896230	GCA_006396495.1	aac(3)-VIa=COMPLETE,aadA1=COMPLETE,mdsA=MISTRANSLATION,mdsB=COMPLETE,qnrB19=COMPLETE	antigen_formula=7:e,h:1,2,serotype=Larochelle
Salmonella enterica	CFSAN083265	"CFSAN083265,""PR0353_40"",""SRS4849631"""	Agama	PDT000510270.1	2019-05-30T23:50:14Z	Nigeria	Chicken Spleen	environmental/other	PDS000039006.4	0.0		SAMN11896232	GCA_006294035.1	mdsA=COMPLETE,mdsB=COMPLETE	antigen_formula=4:i:1,6,serotype=Agama
Salmonella enterica	CFSAN083266	"CFSAN083266,""PR0353_41"",""SRS4849632"""	Typhimurium	PDT000510271.1	2019-05-30T23:50:14Z	Nigeria	chicken liver	environmental/other	PDS000039015.6	0.0		SAMN11896235	GCA_006007605.1	mdsA=COMPLETE,mdsB=COMPLETE	antigen_formula=4:i:1,2,serotype=Typhimurium
Salmonella enterica	CFSAN083246	"CFSAN083246,""PR0353_19"",""SRS4850617"""	Typhimurium	PDT000510545.1	2019-05-31T11:50:59Z	Nigeria	chicken heart	environmental/other	PDS000039015.6	0.0		SAMN11897592	GCA_006080735.1	mdsA=COMPLETE,mdsB=COMPLETE	antigen_formula=4:i:1,2,serotype=Typhimurium
Salmonella enterica	CFSAN083244	"CFSAN083244,""PR0353_17"",""SRS4850619"""		PDT000510547.1	2019-05-31T11:50:59Z	Nigeria	poultry feed	environmental/other	PDS000039006.4	0.0		SAMN11897598	GCA_006080835.1	mdsA=COMPLETE,mdsB=COMPLETE	antigen_formula=4:i:1,6,serotype=Agama
Salmonella enterica	CFSAN083247	"CFSAN083247,""PR0353_20"",""SRS4850620"""	Agama	PDT000510548.1	2019-05-31T11:50:59Z	Nigeria	poultry feed	environmental/other	PDS000039006.4	0.0		SAMN11897594	GCA_006213935.1	mdsA=COMPLETE,mdsB=COMPLETE	antigen_formula=4:i:1,6,serotype=Agama
Salmonella enterica	CFSAN083248	"CFSAN083248,""PR0353_21"",""SRS4850640"""	Agama	PDT000510555.1	2019-05-31T11:51:00Z	Nigeria	chicken liver	environmental/other	PDS000039006.4	0.0		SAMN11897608	GCA_006294095.1	mdsA=COMPLETE,mdsB=COMPLETE	antigen_formula=4:i:1,6,serotype=Agama
Salmonella enterica	CFSAN083323	"CFSAN083323,""PR0353_105"",""SRS4850705"""	Muenster	PDT000510562.1	2019-05-31T12:54:05Z	Nigeria	poultry water	environmental/other	PDS000036147.9	0.0	12.0	SAMN11897628	GCA_006294015.1	gyrA_S83Y=POINT,mdsA=COMPLETE,mdsB=COMPLETE	antigen_formula=3,10:e,h:1,5,serotype=Muenster
Salmonella enterica	CFSAN083250	"CFSAN083250,""PR0353_23"",""SRS4850706"""	Colindale	PDT000510563.1	2019-05-31T12:54:06Z	Nigeria	poultry feed	environmental/other	PDS000039015.6	0.0		SAMN11897627	GCA_006396595.1	mdsA=COMPLETE,mdsB=COMPLETE	antigen_formula=4:i:1,2,serotype=Typhimurium
Salmonella enterica	CFSAN083322	"CFSAN083322,""PR0353_104"",""SRS4850707"""	Istanbul	PDT000510564.1	2019-05-31T12:54:06Z	Nigeria	Chicken Spleen	environmental/other	PDS000046207.2	0.0		SAMN11897630	GCA_006396535.1	mdsA=COMPLETE,mdsB=COMPLETE	antigen_formula=7:r:1,7,serotype=Colindale
Salmonella enterica	CFSAN083262	"CFSAN083262,""PR0353_37"",""SRS4850726"""	Agama	PDT000510583.1	2019-05-31T12:54:10Z	Nigeria	chicken liver	environmental/other	PDS000039006.4	0.0		SAMN11897670	GCA_006213905.1	mdsA=COMPLETE,mdsB=COMPLETE	antigen_formula=4:i:1,6,serotype=Agama
Salmonella enterica	CFSAN083321	"CFSAN083321,""PR0353_103"",""SRS4850996"""		PDT000510606.1	2019-05-31T13:55:55Z	Nigeria	chicken liver	environmental/other	PDS000046205.8	0.0	3.0	SAMN11897888	GCA_006146085.1	mdsA=COMPLETE,mdsB=COMPLETE,qnrB19=COMPLETE,tet(A)=COMPLETE	antigen_formula=7:r:1,6,serotype=Nigeria
Salmonella enterica	CFSAN083237	"CFSAN083237,""PR0353_10"",""SRS5285141"""		PDT000568550.1	2019-08-19T15:31:07Z	Nigeria	poultry feed	environmental/other	PDS000039015.6	0.0		SAMN12601111	GCA_011178075.1	aac(3)-IId=COMPLETE,dfrA14=COMPLETE,mdsA=COMPLETE,mdsB=COMPLETE	antigen_formula=4:i:1,2,serotype=Typhimurium
Salmonella enterica	CFSAN083234	"CFSAN083234,""PR0353_6"",""SRS5285156"""		PDT000568552.1	2019-08-19T16:31:15Z	Nigeria	chicken liver	environmental/other	PDS000039015.6	0.0		SAMN12601124	GCA_008156765.1	mdsA=COMPLETE,mdsB=COMPLETE	antigen_formula=4:i:1,2,serotype=Typhimurium
Salmonella enterica	CFSAN083233	"CFSAN083233,""PR0353_4"",""SRS5285160"""		PDT000568554.1	2019-08-19T16:31:16Z	Nigeria	chicken heart	environmental/other	PDS000039006.4	0.0		SAMN12601176	GCA_008157005.1	mdsA=COMPLETE,mdsB=COMPLETE	antigen_formula=4:i:1,6,serotype=Agama
Salmonella enterica	CFSAN083235	"CFSAN083235,""PR0353_7"",""SRS5285183"""	Albany	PDT000568559.1	2019-08-19T16:31:16Z	Nigeria	chicken heart	environmental/other	PDS000039015.6	0.0		SAMN12601212	GCA_008157045.1	mdsA=COMPLETE,mdsB=COMPLETE	antigen_formula=4:i:1,2,serotype=Typhimurium
Salmonella enterica	CFSAN083230	"CFSAN083230,""PR0353_1"",""SRS5285939"""		PDT000568673.1	2019-08-20T21:58:02Z	Nigeria	poultry feed	environmental/other	PDS000138154.1			SAMN12601670	GCA_008158165.1	fosA7=PARTIAL,mdsA=COMPLETE,mdsB=COMPLETE	antigen_formula=45:d:1,7,serotype=I 45:d:1,7
Salmonella enterica	CFSAN083231	"CFSAN083231,""PR0353_2"",""SRS5285977"""		PDT000568712.1	2019-08-20T21:58:10Z	Nigeria	chicken liver	environmental/other	PDS000027970.437	3.0	27.0	SAMN12601640	GCA_008158265.1	aac(3)-Id=COMPLETE,aadA7=COMPLETE,aph(3'')-Ib=COMPLETE,aph(6)-Id=COMPLETE,gyrA_D87G=POINT,gyrA_S83F=POINT,mdsA=COMPLETE,mdsB=COMPLETE,parC_S80I=POINT,sul1=COMPLETE,tet(A)=COMPLETE	antigen_formula=8:i:z6,serotype=Kentucky
Salmonella enterica		"E1,""ERS4575633"",""Salmonella"""		PDT001291092.1	2022-04-20T13:38:14Z	Nigeria	Poultry carcass		PDS000108534.1			SAMEA6848036	GCA_023071735.1	fosA7=COMPLETE,mdsA=COMPLETE,mdsB=COMPLETE	antigen_formula=4:z4,z23:1,2,serotype=Stanleyville
Salmonella enterica		"E3,""ERS4575634"",""Salmonella"""		PDT001291093.1	2022-04-20T13:38:15Z	Nigeria	Poultry carcass		PDS000027970.437			SAMEA6848037	GCA_023071775.1	aac(3)-Id=COMPLETE,aadA7=COMPLETE,aph(3'')-Ib=COMPLETE,aph(6)-Id=COMPLETE,gyrA_D87G=POINT,gyrA_S83F=POINT,mdsA=COMPLETE,mdsB=COMPLETE,parC_S80I=POINT,sul1=COMPLETE,tet(A)=COMPLETE	antigen_formula=8:i:z6,serotype=Kentucky
Salmonella enterica		"E8,""ERS4575635"",""Salmonella"""		PDT001291094.1	2022-04-20T13:38:15Z	Nigeria	Poultry carcass		PDS000027970.437			SAMEA6848038	GCA_023071715.1	aac(3)-Id=COMPLETE,aadA7=COMPLETE,aph(3'')-Ib=COMPLETE,aph(6)-Id=COMPLETE,gyrA_D87G=POINT,gyrA_S83F=POINT,mdsA=COMPLETE,mdsB=COMPLETE,parC_S80I=POINT,sul1=COMPLETE,tet(A)=COMPLETE	antigen_formula=8:i:z6,serotype=Kentucky
Salmonella enterica		"E15,""ERS4575636"",""Salmonella"""		PDT001291095.1	2022-04-20T13:38:15Z	Nigeria	Poultry carcass		PDS000002890.13			SAMEA6848039	GCA_023071695.1	aac(3)-VIa=COMPLETE,aadA1=COMPLETE,aadA5=COMPLETE,aph(3')-Ia=PARTIAL,aph(3')-Ia=PARTIAL_END_OF_CONTIG,dfrA15=COMPLETE,dfrA17=COMPLETE,floR=COMPLETE,mdsA=COMPLETE,mdsB=COMPLETE,qnrB19=COMPLETE,sul1=PARTIAL,sul1=PARTIAL_END_OF_CONTIG,tet(A)=COMPLETE	antigen_formula=7:d:1,5,serotype=Isangi
Salmonella enterica		"E20,""ERS4575639"",""Salmonella"""		PDT001291098.1	2022-04-20T13:38:16Z	Nigeria	Poultry carcass		PDS000036147.9			SAMEA6848042	GCA_023071675.1	aph(3'')-Ib=COMPLETE,aph(6)-Id=PARTIAL,gyrA_S83F=POINT,mdsA=COMPLETE,mdsB=COMPLETE,sul2=COMPLETE,tet(A)=COMPLETE	antigen_formula=3,10:e,h:1,5,serotype=Muenster
Salmonella enterica		"ERS4575641,""F3"",""Salmonella"""		PDT001291100.1	2022-04-20T13:38:16Z	Nigeria	Poultry carcass		PDS000108536.1			SAMEA6848044	GCA_023071615.1	mdsA=COMPLETE,mdsB=COMPLETE	antigen_formula=3,10:l,v:1,7,serotype=Give
Salmonella enterica		"ERS4575642,""F5"",""Salmonella"""		PDT001291101.1	2022-04-20T13:38:17Z	Nigeria	Poultry carcass		PDS000108533.1			SAMEA6848045	GCA_023071655.1	mdsA=COMPLETE,mdsB=COMPLETE	antigen_formula=4:e,h:e,n,x,serotype=Chester
Salmonella enterica		"ERS4575643,""F6"",""Salmonella"""		PDT001291102.1	2022-04-20T13:38:17Z	Nigeria	Poultry carcass		PDS000108536.1			SAMEA6848046	GCA_023071595.1	mdsA=COMPLETE,mdsB=COMPLETE	antigen_formula=3,10:l,v:1,7,serotype=Give
Salmonella enterica		"ERS4575644,""F7"",""Salmonella"""		PDT001291103.1	2022-04-20T13:38:17Z	Nigeria	Poultry carcass		PDS000031836.28			SAMEA6848047	GCA_023071555.1	mdsA=COMPLETE,mdsB=COMPLETE	antigen_formula=1,3,19:g,s,t:-,serotype=Senftenberg
Salmonella enterica		"ERS4575645,""F10"",""Salmonella"""		PDT001291104.1	2022-04-20T13:38:17Z	Nigeria	Poultry carcass		PDS000108533.1			SAMEA6848048	GCA_023071575.1	mdsA=COMPLETE,mdsB=COMPLETE	antigen_formula=4:e,h:e,n,x,serotype=Chester
Salmonella enterica		"ERS4575646,""F11"",""Salmonella"""		PDT001291105.1	2022-04-20T13:38:18Z	Nigeria	Poultry carcass		PDS000031836.28			SAMEA6848049	GCA_023071515.1	mdsA=COMPLETE,mdsB=COMPLETE	antigen_formula=3,10:g,s,t:-,serotype=Westhampton
Salmonella enterica		"ERS4575647,""F12"",""Salmonella"""		PDT001291106.1	2022-04-20T13:38:18Z	Nigeria	Poultry carcass		PDS000108543.1			SAMEA6848050	GCA_023071535.1	mdsA=COMPLETE,mdsB=COMPLETE	antigen_formula=4:g,m,s:-,serotype=Hato
Salmonella enterica		"ERS4575648,""F13"",""Salmonella"""		PDT001291107.1	2022-04-20T13:38:18Z	Nigeria	Poultry carcass		PDS000031836.28			SAMEA6848051	GCA_023071495.1	mdsA=COMPLETE,mdsB=COMPLETE	antigen_formula=1,3,19:g,s,t:-,serotype=Senftenberg
Salmonella enterica		"ERS4575649,""F14"",""Salmonella"""		PDT001291108.1	2022-04-20T13:38:18Z	Nigeria	Poultry carcass		PDS000108536.1			SAMEA6848052	GCA_023071475.1	mdsA=COMPLETE,mdsB=COMPLETE	antigen_formula=3,10:l,v:1,7,serotype=Give
Salmonella enterica		"ERS4575650,""F15"",""Salmonella"""		PDT001291109.1	2022-04-20T13:38:19Z	Nigeria	Poultry carcass		PDS000108536.1			SAMEA6848053	GCA_023071455.1	mdsA=COMPLETE,mdsB=COMPLETE	antigen_formula=3,10:l,v:1,7,serotype=Give
Salmonella enterica		"ERS4575651,""F16"",""Salmonella"""		PDT001291110.1	2022-04-20T13:38:19Z	Nigeria	Poultry carcass		PDS000108540.1			SAMEA6848054	GCA_023071415.1	mdsA=COMPLETE,mdsB=COMPLETE	antigen_formula=-:f,g:-,serotype=I -:f,g:-
Salmonella enterica		"ERS4575652,""F19"",""Salmonella"""		PDT001291111.1	2022-04-20T13:38:19Z	Nigeria	Poultry carcass		PDS000108536.1			SAMEA6848055	GCA_023071435.1	mdsA=COMPLETE,mdsB=COMPLETE	antigen_formula=3,10:l,v:1,7,serotype=Give
Salmonella enterica		"ERS4575653,""F20"",""Salmonella"""		PDT001291112.1	2022-04-20T13:38:20Z	Nigeria	Poultry carcass		PDS000108535.1			SAMEA6848056	GCA_023071315.1	mdsA=COMPLETE,mdsB=COMPLETE	antigen_formula=3,10:l,v:1,7,serotype=Give
Salmonella enterica		"ERS4575654,""F23"",""Salmonella"""		PDT001291113.1	2022-04-20T13:38:20Z	Nigeria	Poultry carcass		PDS000031836.28			SAMEA6848057	GCA_023071295.1	mdsA=COMPLETE,mdsB=COMPLETE	antigen_formula=1,3,19:g,s,t:-,serotype=Senftenberg
Salmonella enterica		"ERS4575655,""F24"",""Salmonella"""		PDT001291114.1	2022-04-20T13:38:20Z	Nigeria	Poultry carcass		PDS000108533.1			SAMEA6848058	GCA_023071275.1	mdsA=COMPLETE,mdsB=COMPLETE	antigen_formula=4:e,h:e,n,x,serotype=Chester
Salmonella enterica		"ERS4575656,""F26"",""Salmonella"""		PDT001291115.1	2022-04-20T13:38:20Z	Nigeria	Poultry carcass		PDS000108533.1			SAMEA6848059	GCA_023071255.1	mdsA=COMPLETE,mdsB=COMPLETE	antigen_formula=4:e,h:e,n,x,serotype=Chester
Salmonella enterica		"ERS4575657,""F27"",""Salmonella"""		PDT001291116.1	2022-04-20T13:38:21Z	Nigeria	Poultry carcass		PDS000108536.1			SAMEA6848060	GCA_023071235.1	mdsA=COMPLETE,mdsB=COMPLETE	antigen_formula=3,10:l,v:1,7,serotype=Give
Salmonella enterica		"ERS4575658,""F29"",""Salmonella"""		PDT001291117.1	2022-04-20T13:38:21Z	Nigeria	Poultry carcass		PDS000108535.1			SAMEA6848061	GCA_023071215.1	mdsA=COMPLETE,mdsB=COMPLETE	antigen_formula=3,10:l,v:1,7,serotype=Give
Salmonella enterica		"ERS4575659,""F30"",""Salmonella"""		PDT001291118.1	2022-04-20T13:38:21Z	Nigeria	Poultry carcass		PDS000108536.1			SAMEA6848062	GCA_023071155.1	mdsA=COMPLETE,mdsB=COMPLETE	antigen_formula=9,46:l,v:1,7,serotype=I 9,46:l,v:1,7
Salmonella enterica		"ERS4575660,""F31"",""Salmonella"""		PDT001291119.1	2022-04-20T13:38:21Z	Nigeria	Poultry carcass		PDS000108536.1			SAMEA6848063	GCA_023071175.1	mdsA=COMPLETE,mdsB=COMPLETE	antigen_formula=3,10:l,v:1,7,serotype=Give
Salmonella enterica		"ERS4575661,""F32"",""Salmonella"""		PDT001291120.1	2022-04-20T13:38:22Z	Nigeria	Poultry carcass		PDS000108536.1			SAMEA6848064	GCA_023071195.1	mdsA=COMPLETE,mdsB=COMPLETE	antigen_formula=3,10:l,v:1,7,serotype=Give
Salmonella enterica		"ERS4575662,""F33"",""Salmonella"""		PDT001291121.1	2022-04-20T13:38:22Z	Nigeria	Poultry carcass		PDS000108543.1			SAMEA6848065	GCA_023071135.1	mdsA=COMPLETE,mdsB=COMPLETE	antigen_formula=4:g,m,s:-,serotype=Hato
Salmonella enterica		"ERS4575663,""F34"",""Salmonella"""		PDT001291122.1	2022-04-20T13:38:22Z	Nigeria	Poultry carcass		PDS000108543.1			SAMEA6848066	GCA_023071095.1	mdsA=COMPLETE,mdsB=COMPLETE	antigen_formula=4:g,m,s:-,serotype=Hato
Salmonella enterica		"D1,""ERS4597405"",""Salmonella"""		PDT001291123.1	2022-04-20T13:38:22Z	Nigeria	Poultry vendoors and farms		PDS000108531.2			SAMEA6869837	GCA_023071115.1	mdsA=COMPLETE,mdsB=COMPLETE	antigen_formula=7:r:1,2,serotype=Virchow
Salmonella enterica		"D3,""ERS4597407"",""Salmonella"""		PDT001291125.1	2022-04-20T13:38:23Z	Nigeria	Poultry vendoors and farms		PDS000108534.1			SAMEA6869839	GCA_023071075.1	fosA7=COMPLETE,mdsA=COMPLETE,mdsB=COMPLETE	antigen_formula=4:z4,z23:1,2,serotype=Stanleyville
Salmonella enterica		"D6,""ERS4597409"",""Salmonella"""		PDT001291127.1	2022-04-20T13:38:25Z	Nigeria	Poultry vendoors and farms		PDS000002890.13			SAMEA6869841	GCA_023071055.1	aadA1=COMPLETE,aadA1=PARTIAL_END_OF_CONTIG,aph(3'')-Ib=COMPLETE,aph(6)-Id=COMPLETE,catA1=COMPLETE,dfrA1=COMPLETE,mdsA=COMPLETE,mdsB=COMPLETE,mph(B)=COMPLETE,qnrB19=COMPLETE,sul1=COMPLETE,sul2=COMPLETE	antigen_formula=7:d:1,5,serotype=Isangi
Salmonella enterica		"D7,""ERS4597410"",""Salmonella"""		PDT001291128.1	2022-04-20T13:38:26Z	Nigeria	Poultry vendoors and farms		PDS000029158.11			SAMEA6869842	GCA_023071015.1	mdsA=MISTRANSLATION,mdsB=COMPLETE,qnrB19=COMPLETE	antigen_formula=7:e,h:1,2,serotype=Larochelle
Salmonella enterica		"D8,""ERS4597411"",""Salmonella"""		PDT001291129.1	2022-04-20T13:38:28Z	Nigeria	Poultry vendoors and farms		PDS000029158.11			SAMEA6869843	GCA_023071035.1	mdsA=MISTRANSLATION,mdsB=COMPLETE,qnrB19=COMPLETE	antigen_formula=7:e,h:1,2,serotype=Larochelle
Salmonella enterica		"D9,""ERS4597412"",""Salmonella"""		PDT001291130.1	2022-04-20T13:38:28Z	Nigeria	Poultry vendoors and farms		PDS000036147.9			SAMEA6869844	GCA_023070995.1	aph(3'')-Ib=COMPLETE,aph(6)-Id=PARTIAL,gyrA_S83F=POINT,mdsA=COMPLETE,mdsB=COMPLETE,sul2=COMPLETE,tet(A)=COMPLETE	antigen_formula=3,10:e,h:1,5,serotype=Muenster
Salmonella enterica		"D11,""ERS4597413"",""Salmonella"""		PDT001291131.1	2022-04-20T13:38:28Z	Nigeria	Poultry vendoors and farms					SAMEA6869845	GCA_023070975.1	mdsA=COMPLETE,mdsB=COMPLETE,qnrB19=COMPLETE	antigen_formula=13:b:1,5,serotype=Mississippi
Salmonella enterica		"D12,""ERS4597414"",""Salmonella"""		PDT001291132.1	2022-04-20T13:38:29Z	Nigeria	Poultry vendoors and farms		PDS000027970.437			SAMEA6869846	GCA_023070955.1	aac(3)-Id=COMPLETE,aadA7=COMPLETE,aph(3'')-Ib=COMPLETE,aph(3')-Ia=COMPLETE,aph(6)-Id=COMPLETE,gyrA_D87G=POINT,gyrA_S83F=POINT,mdsA=COMPLETE,mdsB=COMPLETE,parC_S80I=POINT,sul1=COMPLETE,tet(A)=COMPLETE	antigen_formula=8:i:z6,serotype=Kentucky
Salmonella enterica		"D14,""ERS4597416"",""Salmonella"""		PDT001291134.1	2022-04-20T13:38:29Z	Nigeria	Poultry vendoors and farms		PDS000108534.1			SAMEA6869848	GCA_023070935.1	bla=HMM,fosA7=COMPLETE,mdsA=COMPLETE,mdsB=COMPLETE	antigen_formula=4:z4,z23:1,2,serotype=Stanleyville
Salmonella enterica		"D16,""ERS4597418"",""Salmonella"""		PDT001291136.1	2022-04-20T13:38:30Z	Nigeria	Poultry vendoors and farms		PDS000002890.13			SAMEA6869850	GCA_023070915.1	aac(3)-IIe=COMPLETE,aac(6')-Ib-cr5=COMPLETE,aadA1=COMPLETE,blaOXA-1=COMPLETE,blaOXA=PARTIAL_END_OF_CONTIG,catA1=COMPLETE,catB3=PARTIAL_END_OF_CONTIG,dfrA14=COMPLETE,mdsA=COMPLETE,mdsB=COMPLETE,qnrB19=COMPLETE,qnrB1=COMPLETE,tet(A)=COMPLETE	antigen_formula=7:d:1,5,serotype=Isangi
Salmonella enterica		"D21,""ERS4597419"",""Salmonella"""		PDT001291137.1	2022-04-20T13:38:30Z	Nigeria	Poultry vendoors and farms		PDS000019581.6			SAMEA6869851	GCA_023070855.1	mdsA=COMPLETE,mdsB=COMPLETE,qnrB19=COMPLETE	antigen_formula=4:z10:1,5,serotype=Ituri
Salmonella enterica		"D22,""ERS4597420"",""Salmonella"""		PDT001291138.1	2022-04-20T13:38:30Z	Nigeria	Poultry vendoors and farms		PDS000108531.2			SAMEA6869852	GCA_023070895.1	mdsA=COMPLETE,mdsB=COMPLETE	antigen_formula=-:r:1,2,serotype=I -:r:1,2
Salmonella enterica		"D25,""ERS4597421"",""Salmonella"""		PDT001291139.1	2022-04-20T13:38:31Z	Nigeria	Poultry vendoors and farms		PDS000108534.1			SAMEA6869853	GCA_023070875.1	fosA7=COMPLETE,mdsA=COMPLETE,mdsB=COMPLETE	antigen_formula=-:z4,z23:1,2,serotype=I -:z4,z23:1,2
Salmonella enterica		"D26,""ERS4597422"",""Salmonella"""		PDT001291140.1	2022-04-20T13:38:31Z	Nigeria	Poultry vendoors and farms		PDS000036147.9			SAMEA6869854	GCA_023070835.1	aph(3'')-Ib=COMPLETE,aph(6)-Id=PARTIAL,gyrA_S83F=POINT,mdsA=COMPLETE,mdsB=COMPLETE,sul2=COMPLETE,tet(A)=COMPLETE	antigen_formula=3,10:e,h:1,5,serotype=Muenster
Salmonella enterica		"D27,""ERS4597423"",""Salmonella"""		PDT001291141.1	2022-04-20T13:38:31Z	Nigeria	Poultry vendoors and farms		PDS000046205.8			SAMEA6869855	GCA_023070815.1	mdsA=COMPLETE,mdsB=COMPLETE,qnrB19=COMPLETE,tet(A)=COMPLETE	antigen_formula=7:r:1,6,serotype=Nigeria
Salmonella enterica		"D34,""ERS4597427"",""Salmonella"""		PDT001291145.1	2022-04-20T13:38:32Z	Nigeria	Poultry vendoors and farms		PDS000108534.1			SAMEA6869859	GCA_023070785.1	fosA7=COMPLETE,mdsA=COMPLETE,mdsB=COMPLETE	antigen_formula=4:z4,z23:1,2,serotype=Stanleyville
Salmonella enterica		"D35,""ERS4597428"",""Salmonella"""		PDT001291146.1	2022-04-20T13:38:32Z	Nigeria	Poultry vendoors and farms		PDS000046205.8			SAMEA6869860	GCA_023070775.1	mdsA=COMPLETE,mdsB=COMPLETE,qnrB19=COMPLETE,tet(A)=COMPLETE	antigen_formula=7:r:1,6,serotype=Nigeria
Salmonella enterica		"D37,""ERS4597430"",""Salmonella"""		PDT001291148.1	2022-04-20T13:38:33Z	Nigeria	Poultry vendoors and farms		PDS000029158.11			SAMEA6869862	GCA_023070755.1	mdsA=MISTRANSLATION,mdsB=COMPLETE,qnrB19=COMPLETE	antigen_formula=-:e,h:1,2,serotype=I -:e,h:1,2
Salmonella enterica		"D38,""ERS4597431"",""Salmonella"""		PDT001291149.1	2022-04-20T13:38:33Z	Nigeria	Poultry vendoors and farms		PDS000019581.6			SAMEA6869863	GCA_023070735.1	mdsA=COMPLETE,mdsB=COMPLETE,qnrB19=COMPLETE	antigen_formula=4:z10:1,5,serotype=Ituri
Salmonella enterica		"D39,""ERS4597432"",""Salmonella"""		PDT001291150.1	2022-04-20T13:38:33Z	Nigeria	Poultry vendoors and farms		PDS000108531.2			SAMEA6869864	GCA_023070715.1	mdsA=COMPLETE,mdsB=COMPLETE	antigen_formula=7:r:1,2,serotype=Virchow
Salmonella enterica		"D40,""ERS4597433"",""Salmonella"""		PDT001291151.1	2022-04-20T13:38:33Z	Nigeria	Poultry vendoors and farms		PDS000108534.1			SAMEA6869865	GCA_023070695.1	fosA7=COMPLETE,fosB=PARTIAL_END_OF_CONTIG,mdsA=COMPLETE,mdsB=COMPLETE	antigen_formula=4:z4,z23:1,2,serotype=Stanleyville
Salmonella enterica		"D41,""ERS4597434"",""Salmonella"""		PDT001291152.1	2022-04-20T13:38:34Z	Nigeria	Poultry vendoors and farms					SAMEA6869866	GCA_023070635.1	mdsA=COMPLETE,mdsB=COMPLETE	antigen_formula=7:g,s,t:-,serotype=Menston
Salmonella enterica		"D42,""ERS4597435"",""Salmonella"""		PDT001291153.1	2022-04-20T13:38:34Z	Nigeria	Poultry vendoors and farms					SAMEA6869867	GCA_023070675.1	mdsA=COMPLETE,mdsB=COMPLETE	antigen_formula=-:m,t:-,serotype=I -:m,t:-
